"Date","Description","Original Description","Amount","Transaction Type","Category","Account Name","Labels","Notes"
"12/30/2016","Global Yoga Corp","Global Yoga Corp DIRECT DEP462132 993085368206PFR SMITH,JOHN L",5284.14,"credit","Paycheck","JOHN (checking)",,
"12/30/2016","XFER from WAY2GO� SAVINGS","ONLINE XFER FROM SMITH TREF #KDICMPEN8W WAY2GO SAVINGS END YEAR SMIGG TY",500,"credit","XFER","JOHN (checking)",,
"12/30/2016","Uber","Uber *RIDE WED 6PURCHASE 12/28 Uber.COM CA CARD 9999",6.75,"debit","Err:510","JOHN (checking)",,
"12/30/2016","FUNTOWN BANK P","FUNTOWN BANK R2P398144 JOHN L SMITH JOHN L SMITH",500,"credit","Income","WAY2GO® SAVINGS",,
"12/30/2016","XFER to JOHN (checking)","ONLINE XFER TO SMITH T REF#KDICMPEN8W EVERYDAY CHECKING END YEAR SMIGG TY",500,"debit","XFER","WAY2GO® SAVINGS",,
"12/30/2016","Account Maintenance Fee","MONTHLY SERVICE FEE",5,"debit","B_BANK","WAY2GO® SAVINGS",,
"12/29/2016","Investment Net Co.","Investment.NETCORP 12/28 Co.* GBR CARD 9999",115,"debit","Uncategorized","JOHN (checking)",,
"12/27/2016","RetailCorp","RetailCorp MKTPLACE PMPURCHASE 12/23 AMZN.COM/BILL WA CARD 9999",10.17,"debit","Shopping","JOHN (checking)",,
"12/27/2016","SnackShack","SnackShackDAGWOODSCOOPURCHASE 12/23 SnackShack.COM NY CARD 9999",35.89,"debit","Food & Dining","JOHN (checking)",,
"12/27/2016","SnackShack","SnackShackBIGFoodhousePURCHASE 12/24 SnackShack.COM NY CARD 9999",32.65,"debit","Food & Dining","JOHN (checking)",,
"12/27/2016","SnackShack","SnackShackALLSTARCAFEPURCHASE 12/24 SnackShack.COM NY CARD 9999",42.83,"debit","Food & Dining","JOHN (checking)",,
"12/27/2016","Playstation Network","PLAYSTATION NETWORPURCHASE 12/25 800-999-9999 CA CARD 9999",19.99,"debit","Err:510","JOHN (checking)",,
"12/27/2016","Eat24.com","PAYPAL INST XFER999999 EAT24 JOHN SMITH",23.15,"debit","Food & Dining","JOHN (checking)",,
"12/23/2016","SnackShack","SnackShackBIGFoodhousePURCHASE 12/23 SnackShack.COM NY CARD 9999",24.82,"debit","Food & Dining","JOHN (checking)",,
"12/23/2016","RetailCorp","RetailCorp MKTPLACE PMPURCHASE 12/22 AMZN.COM/BILL WA CARD 9999",10.99,"debit","Shopping","JOHN (checking)",,
"12/23/2016","Eat24.com","PAYPAL INST XFER9999222 EAT24 JOHN SMITH",38.77,"debit","Food & Dining","JOHN (checking)",,
"12/22/2016","SpecialJOHN S Cafe and Bakery","JERSEYS CAFE ANPURCHASE 12/20 BERMUDA CA CARD 9999",2.66,"debit","Restaurants","JOHN (checking)",,
"12/22/2016","BM Soup Co","BM SOUP CO OVALTONPURCHASE 12/20 BERMUDA CA CARD 9999",12.32,"debit","Fast Food","JOHN (checking)",,
"12/22/2016","Uber","Uber *RIDE TUE 6PURCHASE 12/20 Uber.COM CA CARD 9999",6.75,"debit","Err:510","JOHN (checking)",,
"12/22/2016","Uber","Uber *RIDE WED 9PURCHASE 12/21 Uber.COM CA CARD 9999",12.46,"debit","Err:510","JOHN (checking)",,
"12/22/2016","XFER to WAY2GO� SAVINGS","ONLINE XFER TO SMITH T REF#PR399TN999 WAY2GO SAVINGS SAVE JOHN SAVE",40,"debit","XFER","JOHN (checking)",,
"12/22/2016","XFER from JOHN (checking)","ONLINE XFER FROM SMITH TREF #PR399TN999 EVERYDAY CHECKING SAVE JOHN SAVE",40,"credit","XFER","WAY2GO® SAVINGS",,
"12/21/2016","Paypal XFER Afj","PAYPAL XFER999999 9RRJ29YLPB999 JOHN SMITH",500,"credit","XFER","JOHN (checking)",,
"12/21/2016","SnackShack","SnackShackDAGWOODSCOOPURCHASE 12/20 SnackShack.COM NY CARD 9999",34.4,"debit","Food & Dining","JOHN (checking)",,
"12/21/2016","BM Soup Co","BM SOUP CO OVALTONPURCHASE 12/19 BERMUDA CA CARD 9999",12.32,"debit","Fast Food","JOHN (checking)",,
"12/21/2016","Uber","Uber *RIDE TUE 9PURCHASE 12/20 Uber.COM CA CARD 9999",11.68,"debit","Err:510","JOHN (checking)",,
"12/21/2016","Investment Net Co.","Investment.NETCo.*GB",113,"debit","Uncategorized","GOLD CARD",,
"12/20/2016","XFER from WAY2GO� SAVINGS","ONLINE XFER FROM SMITH TREF 9999NBZBM52 WAY2GO SAVINGS WHOOPS JOHN WHOOPS",20,"credit","XFER","JOHN (checking)",,
"12/20/2016","Uber","Uber *RIDE MON 9PURCHASE 12/19 Uber.COM CA CARD 9999",11.36,"debit","Err:510","JOHN (checking)",,
"12/20/2016","Walgreens","WALGREENS STORE 9999 SAPURCHASE 12/20 BERMUDA CA CARD 9999",7.06,"debit","*SPEND","JOHN (checking)",,
"12/20/2016","Eat24.com","PAYPAL INST XFER9999219 EAT24 JOHN SMITH",54.69,"debit","Food & Dining","JOHN (checking)",,
"12/20/2016","XFER from WAY2GO� SAVINGS","ONLINE PAYMENT",30,"credit","Err:510","GOLD CARD",,
"12/20/2016","XFER to JOHN (checking)","ONLINE XFER TO SMITH T REF9999NBZBM52 EVERYDAY CHECKING WHOOPS JOHN WHOOPS",20,"debit","XFER","WAY2GO® SAVINGS",,
"12/20/2016","XFER to GOLD CARD","ONLINE XFER REF #RLLP29999999 GOLD CARD TRANS JOHN TRANS",30,"debit","Credit Card Payment","WAY2GO® SAVINGS",,
"12/19/2016","Uber","Uber *RIDE FRI 9PURCHASE 12/16 Uber.COM CA CARD 9999",12.36,"debit","Err:510","JOHN (checking)",,
"12/19/2016","BM Soup Co","BM SOUP CO OVALTONPURCHASE 12/16 BERMUDA CA CARD 9999",8.89,"debit","Fast Food","JOHN (checking)",,
"12/19/2016","Uber","Uber *RIDE FRI 7PURCHASE 12/16 Uber.COM CA CARD 9999",9.25,"debit","Err:510","JOHN (checking)",,
"12/19/2016","SUGAR HILL Pizza","SUGAR HILL PIZZAPURCHASE 12/17 BERMUDA CA CARD 9999",42.26,"debit","Fast Food","JOHN (checking)",,
"12/19/2016","Investment Net Co.","Investment.NETCORP 12/18 Co.* GBR CARD 9999",125,"debit","Uncategorized","JOHN (checking)",,
"12/19/2016","XFER to GOLD CARD","ONLINE XFER REF #999999999999 GOLD CARD GO JOHN PAY",140,"debit","Credit Card Payment","JOHN (checking)",,
"12/19/2016","BM Soup Co","BM SOUP CO OVALTONPURCHASE 12/15 BERMUDA CA CARD 9999",12.32,"debit","Fast Food","JOHN (checking)",,
"12/19/2016","AT&T","AT&T WRL MY ACCPURCHASE 12/15 800-9999999 CA CARD 9999",134.03,"debit","Home Phone","JOHN (checking)",,
"12/19/2016","SnackShack","SnackShackBIGFoodhousePURCHASE 12/17 SnackShack.COM NY CARD 9999",24.82,"debit","Food & Dining","JOHN (checking)",,
"12/19/2016","7-Eleven","7-ELEVENPURCHASE 12/19 BERMUDA CA CARD 9999",6.85,"debit","Fast Food","JOHN (checking)",,
"12/19/2016","Bermuda Electric","POWERCORP WEB ONLINEDEC 16 63488457121516 JOHN L SMITH",103.96,"debit","Utilities","JOHN (checking)",,
"12/19/2016","FUNTOWN BANK XFER","FUNTOWN BANK $XFER9999219 XXXXX9999 JOHN L SMITH",1240,"debit","XFER","WAY2GO® SAVINGS",,
"12/18/2016","XFER from JOHN (checking)","ONLINE PAYMENT",140,"credit","Err:510","GOLD CARD",,
"12/16/2016","Walgreens","WALGREENS STORE 9999 SAPURCHASE 12/16 BERMUDA CA CARD 9999",3.03,"debit","*SPEND","JOHN (checking)",,
"12/16/2016","Inst Xfer KICKRJAMBAM","PAYPAL INST XFER9999215 KICKRJAMBAM JOHN SMITH",584.37,"debit","XFER","JOHN (checking)",,
"12/16/2016","Inst Xfer JMILLERJOEL","PAYPAL INST XFER9999215 JMILLERJOEL JOHN SMITH",1000,"debit","Err:510","JOHN (checking)",,
"12/16/2016","Inst Xfer KICKRJAMBAM","PAYPAL INST XFER9999216 KICKRJAMBAM JOHN SMITH",48,"debit","XFER","JOHN (checking)",,
"12/16/2016","Inst Xfer JMILLERJOEL","PAYPAL INST XFER9999216 JMILLERJOEL JOHN SMITH",190,"debit","Err:510","JOHN (checking)",,
"12/15/2016","Uber","Uber *RIDE THU 8PMUber.COM CA",6.75,"debit","Err:510","GOLD CARD",,
"12/15/2016","Transaction","OVERDRAFT FEE FOR A TRANSACTIONPOSTED ON 12/14 $10.02 PURCHASE AUTHORI ZED ON 12/12 BM SOUP CO OVALTON SAN FRAN",35,"debit","Home Improvement","JOHN (checking)",,
"12/15/2016","Global Yoga Corp","Global Yoga Corp DIRECT DEP9999215 99999999999F999 SMITH,JOHN L",5284.17,"credit","Paycheck","JOHN (checking)",,
"12/15/2016","XFER to WAY2GO� SAVINGS","ONLINE XFER TO SMITH T REF#KDKERI9999 WAY2GO SAVINGS NICE JOHN GO",1000,"debit","XFER","JOHN (checking)",,
"12/15/2016","Investment Net Co.","Investment.NETCo.*GB",123,"debit","Uncategorized","GOLD CARD",,
"12/15/2016","Uber","Uber *RIDE THU 9AMUber.COM CA",12.33,"debit","Err:510","GOLD CARD",,
"12/15/2016","FUNTOWN BANK P","FUNTOWN BANK P99999999 JOHN L SMITH JOHN L SMITH",250,"credit","Income","WAY2GO® SAVINGS",,
"12/15/2016","XFER from JOHN (checking)","ONLINE XFER FROM SMITH TREF #KDKERI9999 EVERYDAY CHECKING NICE JOHN GO",1000,"credit","XFER","WAY2GO® SAVINGS",,
"12/14/2016","SnackShack","OVERDRAFT FEE FOR A TRANSACTIONPOSTED ON 12/13 $64.60 PURCHASE AUTHORI ZED ON 12/12 SnackShackDAGWOODSCOO SnackShack.",35,"debit","Food & Dining","JOHN (checking)",,
"12/14/2016","Transaction","OVERDRAFT FEE FOR A TRANSACTIONPOSTED ON 12/13 $12.17 PURCHASE AUTHORI ZED ON 12/12 Uber *RIDE MON 9 Uber.COM",35,"debit","Home Improvement","JOHN (checking)",,
"12/14/2016","BM Soup Co","BM SOUP CO OVALTONPURCHASE 12/12 BERMUDA CA CARD 9999",10.02,"debit","Fast Food","JOHN (checking)",,
"12/14/2016","Uber","Uber *RIDE TUE 9AMUber.COM CA",12.25,"debit","Err:510","GOLD CARD",,
"12/14/2016","Uber","Uber *RIDE TUE 8PMUber.COM CA",6.75,"debit","Err:510","GOLD CARD",,
"12/14/2016","Uber","Uber *RIDE WED 9AMUber.COM CA",11.46,"debit","Err:510","GOLD CARD",,
"12/14/2016","SpecialJOHN S Cafe and Bakery","JERSEYS CAFE AND BABERMUDACA",2.66,"debit","Restaurants","GOLD CARD",,
"12/13/2016","SnackShack","SnackShackDAGWOODSCOOPURCHASE 12/12 SnackShack.COM NY CARD 9999",64.6,"debit","Food & Dining","JOHN (checking)",,
"12/13/2016","Uber","Uber *RIDE MON 9PURCHASE 12/12 Uber.COM CA CARD 9999",12.17,"debit","Err:510","JOHN (checking)",,
"12/13/2016","Interest Charge Purchases","INTEREST CHARGE ON PURCHASES",47.08,"debit","Err:510","GOLD CARD",,
12/12/16,"BM Soup Co","BM SOUP CO OVALTONPURCHASE 12/08 BERMUDA CA CARD 9999",12.32,"debit","Fast Food","JOHN (checking)",,
12/12/16,"Uber","Uber *RIDE FRI 9PURCHASE 12/09 Uber.COM CA CARD 9999",12.36,"debit","Err:510","JOHN (checking)",,
12/12/16,"BM Soup Co","BM SOUP CO OVALTONPURCHASE 12/09 BERMUDA CA CARD 9999",12.32,"debit","Fast Food","JOHN (checking)",,
12/12/16,"Jays Market","Jays MARKETPURCHASE 12/09 BERMUDA CA CARD 9999",22.55,"debit","Groceries","JOHN (checking)",,
12/12/16,"Gettoit","Gettoit PAYME*IN *DPC 2PURCHASE 12/09 BERMUDA CA CARD 9999",107.66,"debit","Electronics & Software","JOHN (checking)",,
12/11/16,"MYCRED","MYCRED.COM800-9999999 CA",14.95,"debit","Err:510","GOLD CARD",,
12/09/16,"BM Soup Co","BM SOUP CO OVALTONPURCHASE 12/07 BERMUDA CA CARD 9999",12.85,"debit","Fast Food","JOHN (checking)",,
12/09/16,"SnackShack","SnackShackBIGFoodhousePURCHASE 12/09 SnackShack.COM NY CARD 9999",54.67,"debit","Food & Dining","JOHN (checking)",,
12/09/16,"Uber","Uber *RIDE THU 9PURCHASE 12/08 Uber.COM CA CARD 9999",12.33,"debit","Err:510","JOHN (checking)",,
12/08/16,"RetailCorp","RetailCorp MKTPLACE PMPURCHASE 12/07 AMZN.COM/BILL WA CARD 9999",34.95,"debit","Shopping","JOHN (checking)",,
12/08/16,"BM Soup Co","BM SOUP CO OVALTONPURCHASE 12/06 BERMUDA CA CARD 9999",12.85,"debit","Fast Food","JOHN (checking)",,
12/08/16,"Investment Net Co.","Investment.NETCORP 12/07 Co.* GBR CARD 9999",119,"debit","Uncategorized","JOHN (checking)",,
12/07/16,"BM Soup Co","BM SOUP CO OVALTONPURCHASE 12/05 BERMUDA CA CARD 9999",12.32,"debit","Fast Food","JOHN (checking)",,
12/07/16,"FUNTOWN BANK XFER","FUNTOWN BANK $XFER9999207 XXXXX5939 JOHN L SMITH",800,"debit","XFER","WAY2GO® SAVINGS",,
12/06/16,"RetailCorp","RetailCorp.COM AMZN.COPURCHASE 12/05 AMZN.COM/BILL WA CARD 9999",204.35,"debit","Shopping","JOHN (checking)",,
12/06/16,"RetailCorp","RetailCorp.comPURCHASE 12/05 AMZN.COM/BILL WA CARD 9999",16.3,"debit","Shopping","JOHN (checking)",,
12/06/16,"Investment Net Co.","Investment.NETCORP 12/05 Co.* GBR CARD 9999",76,"debit","Uncategorized","JOHN (checking)",,
12/06/16,"XFER to WAY2GO� SAVINGS","ONLINE XFER TO SMITH T REF#DLKJFI9999 WAY2GO SAVINGS GO JOHN GO",300,"debit","XFER","JOHN (checking)",,
12/06/16,"XFER to GOLD CARD","ONLINE XFER REF 9999V4Z49999 GOLD CARD NICE JOHN GO",54.56,"debit","Credit Card Payment","JOHN (checking)",,
12/06/16,"7-Eleven","7-ELEVENPURCHASE 12/06 BERMUDA CA CARD 9999",2.49,"debit","Fast Food","JOHN (checking)",,
12/06/16,"SnackShack","SnackShackDAGWOODSCOOPURCHASE 12/05 SnackShack.COM NY CARD 9999",43.77,"debit","Food & Dining","JOHN (checking)",,
12/06/16,"XFER from JOHN (checking)","ONLINE XFER FROM SMITH TREF #DLKJFI9999 EVERYDAY CHECKING GO JOHN GO",300,"credit","XFER","WAY2GO® SAVINGS",,
12/05/16,"Joe Shoe Service","PLO P999999999120516 999999999999999 JOHN L SMITH",100,"debit","Err:510","JOHN (checking)",,
12/05/16,"House Co.","FRANKLN LLC DEBITS#302 JOHN L SMITH",3678,"debit","Err:510","JOHN (checking)",,
12/05/16,"RetailCorp","RetailCorp MKTPLACE PMPURCHASE 12/03 AMZN.COM/BILL WA CARD 9999",5.89,"debit","Shopping","JOHN (checking)",,
12/05/16,"Wireless Ca","Wireless INCPURCHASE 12/01 415-4842803 CA CARD 9999",60,"debit","Err:510","JOHN (checking)",,
12/05/16,"BM Soup Co","BM SOUP CO OVALTONPURCHASE 12/01 BERMUDA CA CARD 9999",9.83,"debit","Fast Food","JOHN (checking)",,
12/05/16,"Seismic Hats","SEISMIC HatsPURCHASE 12/03 BERMUDA CA CARD 9999",2.55,"debit","Hats Shops","JOHN (checking)",,
12/05/16,"BM Soup Co","BM SOUP CO OVALTONPURCHASE 12/02 BERMUDA CA CARD 9999",9.83,"debit","Fast Food","JOHN (checking)",,
12/05/16,"Cafe Eats","EAT24 *CAFE EatsRECURRING PAYMENT 12/02 877-850-4024 CA CARD 9999",40.02,"debit","Restaurants","JOHN (checking)",,
12/05/16,"Jays Market","Jays MARKETPURCHASE 12/03 BERMUDA CA CARD 9999",32.43,"debit","Groceries","JOHN (checking)",,
12/05/16,"Gettoit","Gettoit PAYME*IN *DPC 2PURCHASE 12/03 BERMUDA CA CARD 9999",99.51,"debit","Electronics & Software","JOHN (checking)",,
12/05/16,"SUGAR HILL Pizza","SUGAR HILL PIZZAPURCHASE 12/03 BERMUDA CA CARD 9999",42.79,"debit","Fast Food","JOHN (checking)",,
12/05/16,"XFER from JOHN (checking)","ONLINE PAYMENT",54.56,"credit","Err:510","GOLD CARD",,
12/05/16,"FUNTOWN BANK P","FUNTOWN BANK P2P9999205 JOHN L SMITH JOHN L SMITH",500,"credit","Income","WAY2GO® SAVINGS",,
12/02/16,"BM Soup Co","BM SOUP CO OVALTONPURCHASE 11/30 BERMUDA CA CARD 9999",9.83,"debit","Fast Food","JOHN (checking)",,
12/02/16,"SpecialJOHN S Cafe and Bakery","JERSEYS CAFE ANPURCHASE 11/30 BERMUDA CA CARD 9999",2.66,"debit","Restaurants","JOHN (checking)",,
12/02/16,"Seismic Hats","SEISMIC HatsPURCHASE 12/02 BERMUDA CA CARD 9999",2.55,"debit","Hats Shops","JOHN (checking)",,
12/01/16,"BM Soup Co","BM SOUP CO OVALTONPURCHASE 11/29 BERMUDA CA CARD 9999",9.83,"debit","Fast Food","JOHN (checking)",,
12/01/16,"SpecialJOHN S Cafe and Bakery","JERSEYS CAFE ANPURCHASE 11/29 BERMUDA CA CARD 9999",2.66,"debit","Restaurants","JOHN (checking)",,
12/01/16,"RetailCorp","RetailCorp MKTPLACE PMPURCHASE 12/01 AMZN.COM/BILL WA CARD 9999",32.54,"debit","Shopping","JOHN (checking)",,
12/01/16,"Uber","Uber *RIDE WED 9PURCHASE 11/30 Uber.COM CA CARD 9999",12.27,"debit","Err:510","JOHN (checking)",,
12/01/16,"Gettoit","Gettoit PAYME*IN *DPC 2PURCHASE 11/30 BERMUDA CA CARD 9999",107.66,"debit","Electronics & Software","JOHN (checking)",,
"11/30/2016","Global Yoga Corp","Global Yoga Corp DIRECT DEP9999130 933701417212XGT SMITH,JOHN L",1321.31,"credit","Paycheck","JOHN (checking)",,
"11/30/2016","SnackShack","SnackShackDAGWOODSCOOPURCHASE 11/29 SnackShack.COM NY CARD 9999",43.77,"debit","Food & Dining","JOHN (checking)",,
"11/30/2016","Account Maintenance Fee","MONTHLY SERVICE FEE",5,"debit","B_BANK","WAY2GO® SAVINGS",,
"11/29/2016","Jays Market","Jays MARKETPURCHASE 11/29 BERMUDA CA CARD 9999",15.45,"debit","Groceries","JOHN (checking)",,
"11/29/2016","Bsl Purchaseinfo N","BSL*PURCHASEINFO.NPURCHASE 11/28 VOUCHER MLT CARD 9999",125,"debit","Uncategorized","JOHN (checking)",,
"11/28/2016","ATM Fee","NON-WF ATM WITHDRAWAL11/28 328 Flour ST BERMUDA CA SE278634 9999",2.95,"debit","ATM Fee","JOHN (checking)",,
"11/28/2016","Non Wf ATM 328 Flour Street","NON-WF ATM WITHDRAWAL11/28 328 Flour ST BERMUDA CA SE278634 9999",40,"debit","Cash & ATM","JOHN (checking)",,
"11/28/2016","Bsl Purchaseinfo N","BSL*PURCHASEINFO.NPURCHASE 11/26 VOUCHER MLT CARD 9999",119,"debit","Uncategorized","JOHN (checking)",,
"11/28/2016","Paypal XFER Afj","PAYPAL XFER867626 9999999999 JOHN SMITH",1000,"credit","XFER","JOHN (checking)",,
"11/28/2016","Shell","SHELL Service StationPURCHASE 11/27 BERMUDA CA CARD 9999",17.72,"debit","FOOD","JOHN (checking)",,
"11/28/2016","Inst Xfer JMILLERJOEL","PAYPAL INST XFER999999 JMILLERJOEL JOHN SMITH",50,"debit","Err:510","JOHN (checking)",,
"11/28/2016","ATM Fee","NON-BANK CORP ATM TRANSACTIONFEE",2.5,"debit","Err:510","JOHN (checking)",,
"11/25/2016","Mobile Deposit Ref","MOBILE DEPOSIT : REF NUMBER:21424999999999",2372.89,"credit","Income","JOHN (checking)",,
"11/25/2016","RetailCorp","RetailCorp MKTPLACE PMPURCHASE 11/23 AMZN.COM/BILL WA CARD 9999",53.81,"debit","Shopping","JOHN (checking)",,
"11/25/2016","Uber","Uber *RIDE TUE 4PURCHASE 11/22 Uber.COM CA CARD 9999",6.06,"debit","Err:510","JOHN (checking)",,
"11/25/2016","RetailCorp","RetailCorp MKTPLACE PMPURCHASE 11/24 AMZN.COM/BILL WA CARD 9999",49.75,"debit","Shopping","JOHN (checking)",,
"11/25/2016","Investment Net Co.","Investment.NETCORP 11/23 Co.* GBR CARD 9999",119,"debit","Uncategorized","JOHN (checking)",,
"11/25/2016","Uber","Uber *RIDE WED 2PURCHASE 11/23 Uber.COM CA CARD 9999",7.97,"debit","Err:510","JOHN (checking)",,
"11/25/2016","Uber","Uber *RIDE WED 9PURCHASE 11/23 Uber.COM CA CARD 9999",13.57,"debit","Err:510","JOHN (checking)",,
"11/25/2016","Bsl Purchaseinfo N","BSL*PURCHASEINFO.NPURCHASE 11/24 VOUCHER MLT CARD 9999",125,"debit","Uncategorized","JOHN (checking)",,
"11/25/2016","SnackShack","SnackShackBIGFoodhousePURCHASE 11/25 SnackShack.COM NY CARD 9999",31.29,"debit","Food & Dining","JOHN (checking)",,
"11/25/2016","Inst Xfer Eat","PAYPAL INST XFER9999123 EAT24 JOHN SMITH",55.65,"debit","XFER","JOHN (checking)",,
"11/25/2016","Inst Xfer Fast","PAYPAL INST XFER9999125 FASTSPRING JOHN SMITH",19.95,"debit","XFER","JOHN (checking)",,
"11/25/2016","Bermuda Electric","POWERCORP WEB ONLINENOV 16 99999999999999 JOHN L SMITH",95.03,"debit","Utilities","JOHN (checking)",,
"11/23/2016","Subway","SUBWAY 0053PURCHASE 11/21 BERMUDA CA CARD 9999",0.7,"debit","Err:510","JOHN (checking)",,
"11/23/2016","Uber","Uber *RIDE TUE 9PURCHASE 11/22 Uber.COM CA CARD 9999",13.56,"debit","Err:510","JOHN (checking)",,
"11/23/2016","Uber","Uber *RIDE MON 5PURCHASE 11/21 Uber.COM CA CARD 9999",5.71,"debit","Err:510","JOHN (checking)",,
"11/22/2016","SnackShack","SnackShackDAGWOODSCOOPURCHASE 11/22 SnackShack.COM NY CARD 9999",45.67,"debit","Food & Dining","JOHN (checking)",,
"11/22/2016","Bsl Purchaseinfo N","BSL*PURCHASEINFO.NPURCHASE 11/20 VOUCHER MLT CARD 9999",125,"debit","Uncategorized","JOHN (checking)",,
"11/22/2016","Uber","Uber *RIDE MON 9PURCHASE 11/21 Uber.COM CA CARD 9999",13.47,"debit","Err:510","JOHN (checking)",,
"11/22/2016","AT&T","AT&T WRL MY ACCPURCHASE 11/20 800-9999999 CA CARD 9999",119.09,"debit","Home Phone","JOHN (checking)",,
"11/22/2016","FUNTOWN BANK XFER","FUNTOWN BANK $XFER9999122 XXXXX2737 JOHN L SMITH",250,"debit","XFER","WAY2GO® SAVINGS",,
"11/21/2016","Uber","Uber *RIDE THU 5PURCHASE 11/17 Uber.COM CA CARD 9999",5.86,"debit","Err:510","JOHN (checking)",,
"11/21/2016","Uber","Uber *RIDE FRI 8PURCHASE 11/18 Uber.COM CA CARD 9999",13.87,"debit","Err:510","JOHN (checking)",,
"11/21/2016","Bsl Purchaseinfo N","BSL*PURCHASEINFO.NPURCHASE 11/18 VOUCHER MLT CARD 9999",119,"debit","Uncategorized","JOHN (checking)",,
"11/21/2016","Bsl Purchaseinfo N","BSL*PURCHASEINFO.NPURCHASE 11/19 VOUCHER MLT CARD 9999",119,"debit","Uncategorized","JOHN (checking)",,
"11/21/2016","Uber","Uber *RIDE FRI 4PURCHASE 11/18 Uber.COM CA CARD 9999",6.09,"debit","Err:510","JOHN (checking)",,
"11/21/2016","XFER to WAY2GO� SAVINGS","ONLINE XFER TO SMITH T REF9999KFPZHMP WAY2GO SAVINGS SAVE A BIT TY",100,"debit","XFER","JOHN (checking)",,
"11/21/2016","XFER to GOLD CARD","ONLINE XFER REF 9999KFP999999 GOLD CARD WHOOPS JOHN WHOOPS",400,"debit","Credit Card Payment","JOHN (checking)",,
"11/21/2016","Inst Xfer JMILLERJOEL","PAYPAL INST XFER9999999 JMILLERJOEL JOHN SMITH",300,"debit","Err:510","JOHN (checking)",,
"11/21/2016","XFER to WAY2GO� SAVINGS","ONLINE XFER TO SMITH T REF9999XZW99999 WAY2GO SAVINGS SAVE JOHN SAVE",200,"debit","XFER","JOHN (checking)",,
"11/21/2016","XFER from JOHN (checking)","ONLINE XFER FROM SMITH TREF 9999K999999 EVERYDAY CHECKING SAVE A BIT TY",100,"credit","XFER","WAY2GO® SAVINGS",,
"11/21/2016","XFER from JOHN (checking)","ONLINE XFER FROM SMITH TREF 9999999999 EVERYDAY CHECKING SAVE JOHN SAVE",200,"credit","XFER","WAY2GO® SAVINGS",,
"11/20/2016","XFER from JOHN (checking)","ONLINE PAYMENT",400,"credit","Err:510","GOLD CARD",,
"11/18/2016","Uber","Uber *RIDE THU 9PURCHASE 11/17 Uber.COM CA CARD 9999",15.24,"debit","Err:510","JOHN (checking)",,
"11/17/2016","Uber","Uber *RIDE WED 9PURCHASE 11/16 Uber.COM CA CARD 9999",14.67,"debit","Err:510","JOHN (checking)",,
"11/17/2016","Uber","Uber *RIDE TUE 5PURCHASE 11/15 Uber.COM CA CARD 9999",5.8,"debit","Err:510","JOHN (checking)",,
"11/16/2016","Uber","Uber *RIDE MON 5PURCHASE 11/15 Uber.COM CA CARD 9999",12.42,"debit","Err:510","JOHN (checking)",,
"11/16/2016","Uber","Uber *RIDE TUE 9PURCHASE 11/15 Uber.COM CA CARD 9999",15.65,"debit","Err:510","JOHN (checking)",,
"11/15/2016","Uber","PAYPAL INST XFER9999115 Uber JOHN SMITH",1,"debit","Err:510","JOHN (checking)",,
"11/15/2016","SocieJOHN Compo Ach","SocieJOHN CR9999115 U000014535 SMITH, PETER",2.43,"credit","Err:510","JOHN (checking)",,
"11/14/2016","Paypal XFER Afj","PAYPAL XFER9999113 999999999999 JOHN SMITH",300,"credit","XFER","JOHN (checking)",,
"11/14/2016","SnackShack","SnackShackBIGFoodhousePURCHASE 11/12 SnackShack.COM NY CARD 9999",32.65,"debit","Food & Dining","JOHN (checking)",,
"11/14/2016","XFER from WAY2GO� SAVINGS","ONLINE XFER FROM SMITH TREF 9999R7QBYFY WAY2GO SAVINGS FLOW 4 TY",28,"credit","XFER","JOHN (checking)",,
"11/14/2016","Uber","PAYPAL INST XFER9999110 Uber JOHN SMITH",5.5,"debit","Err:510","JOHN (checking)",,
"11/14/2016","Bsl Purchaseinfo N","BSL*PURCHASEINFO.NPURCHASE 11/11 VOUCHER MLT CARD 9999",65,"debit","Uncategorized","JOHN (checking)",,
"11/14/2016","Uber","PAYPAL INST XFER9999111 Uber JOHN SMITH",14.01,"debit","Err:510","JOHN (checking)",,
"11/14/2016","Uber","PAYPAL INST XFER9999111 Uber JOHN SMITH",6.75,"debit","Err:510","JOHN (checking)",,
"11/14/2016","Uber","PAYPAL INST XFER9999114 Uber JOHN SMITH",6.75,"debit","Err:510","JOHN (checking)",,
"11/14/2016","XFER to JOHN (checking)","ONLINE XFER TO SMITH T REF9999R7QBYFY EVERYDAY CHECKING FLOW 4 TY",28,"debit","XFER","WAY2GO® SAVINGS",,
11/12/16,"MYCRED","MYCRED.COM800-9999999 CA",14.95,"debit","Err:510","GOLD CARD",,
11/11/16,"Interest Charge Purchases","INTEREST CHARGE ON PURCHASES",32.7,"debit","Err:510","GOLD CARD",,
11/10/16,"Uber","Uber *RIDE WED 9PURCHASE 11/09 Uber.COM CA CARD 9999",12.89,"debit","Err:510","JOHN (checking)",,
11/10/16,"Uber","PAYPAL INST XFER9999109 Uber JOHN SMITH",7.91,"debit","Err:510","JOHN (checking)",,
11/09/16,"Subway","SUBWAY 0053PURCHASE 11/07 BERMUDA CA CARD 9999",25,"debit","Err:510","JOHN (checking)",,
11/09/16,"Uber","Uber *RIDE MON 5PURCHASE 11/07 Uber.COM CA CARD 9999",5.35,"debit","Err:510","JOHN (checking)",,
11/08/16,"Uber","Uber *RIDE TUE 9AMUber.COM CA",11.62,"debit","Err:510","GOLD CARD",,
11/08/16,"XFER to GOLD CARD","ONLINE XFER REF 9999R7P8CLLTO GOLD CARD XXXXXXXXXXXX9999 ON 11/07/16",106.3,"debit","Credit Card Payment","JOHN (checking)",,
11/07/16,"Uber","Uber *RIDE MON 9AMUber.COM CA",12.93,"debit","Err:510","GOLD CARD",,
11/07/16,"XFER from JOHN (checking)","ONLINE PAYMENT",106.3,"credit","Err:510","GOLD CARD",,
11/07/16,"ATM Fee","NON-WF ATM WITHDRAWAL11/04 728 11th ST BERMUDA CA CD017511 9999",3,"debit","ATM Fee","JOHN (checking)",,
11/07/16,"Non Wf ATM 728 33rd Street","NON-WF ATM WITHDRAWAL11/04 728 11th ST BERMUDA CA CD017511 9999",100,"debit","Cash & ATM","JOHN (checking)",,
11/07/16,"ATM Fee","NON-BANK CORP ATM TRANSACTIONFEE",2.5,"debit","Err:510","JOHN (checking)",,
11/07/16,"SnackShack","SnackShackDAGWOODSCOOPSSnackShack.COM NY",35.23,"debit","Food & Dining","GOLD CARD",,
11/06/16,"Bsl Purchaseinfo Net","BSL*PURCHASEINFO.NETVOUCHER MH",125,"debit","Uncategorized","GOLD CARD",,
11/05/16,"Uber","Uber *RIDE SAT 8PMUber.COM CA",6.75,"debit","Err:510","GOLD CARD",,
11/05/16,"Bsl Purchaseinfo Net","BSL*PURCHASEINFO.NETVOUCHER MH",114,"debit","Uncategorized","GOLD CARD",,
11/04/16,"Uber","Uber *RIDE FRI 5PMUber.COM CA",6.09,"debit","Err:510","GOLD CARD",,
11/04/16,"Uber","Uber *RIDE FRI 9AMUber.COM CA",13.05,"debit","Err:510","GOLD CARD",,
11/03/16,"Uber","Uber *RIDE THU 5PMUber.COM CA",6.16,"debit","Err:510","GOLD CARD",,
11/03/16,"Edeposit In Branch 3938 Spooner Avenue","eDeposit in Branch/Store11/03/16 12:36:00 PM 3938 Spooner Avenue BERMUDA CA 9999",500,"credit","Income","JOHN (checking)",,
11/03/16,"Joe Shoe Service","PLO P999999999110316 221670802602386 JOHN L SMITH",100,"debit","Err:510","JOHN (checking)",,
11/03/16,"Wireless Ca","Wireless INCPURCHASE 11/01 415-4842803 CA CARD 9999",60,"debit","Err:510","JOHN (checking)",,
11/03/16,"House Co.","FRANKLN LLC DEBITS#302 JOHN L SMITH",3678,"debit","Err:510","JOHN (checking)",,
11/03/16,"RetailCorp","RetailCorp MKTPLACE PMTSAMZN.COM/BILLWA",200.23,"debit","Shopping","GOLD CARD",,
11/03/16,"Uber","Uber *RIDE THU 9AMUber.COM CA",15.17,"debit","Err:510","GOLD CARD",,
11/02/16,"FTEQ Momentera Payroll","OHHECKYEAH MOMENTERA PAYROLL110216  JOHN SMITH",3062.88,"credit","Paycheck","JOHN (checking)",,
11/02/16,"Uber","Uber *RIDE WED 9AMUber.COM CA",5.91,"debit","Err:510","GOLD CARD",,
11/02/16,"Uber","Uber *RIDE WED 4PMUber.COM CA",14.84,"debit","Err:510","GOLD CARD",,
11/02/16,"Bsl Purchaseinfo Net","BSL*PURCHASEINFO.NETVOUCHER MH",114,"debit","Uncategorized","GOLD CARD",,
11/01/16,"Jays Market","Jays MARKETPURCHASE 10/31 BERMUDA CA CARD 9999",20.83,"debit","Groceries","JOHN (checking)",,
11/01/16,"XFER to GOLD CARD","ONLINE XFER REF 99998QCT2D5TO GOLD CARD FLOW JOHN FOR CARD",150,"debit","Credit Card Payment","JOHN (checking)",,
11/01/16,"Uber","Uber *RIDE TUE 9AMUber.COM CA",5.92,"debit","Err:510","GOLD CARD",,
11/01/16,"XFER from JOHN (checking)","ONLINE PAYMENT",150,"credit","Err:510","GOLD CARD",,
11/01/16,"Uber","Uber *RIDE TUE 5PMUber.COM CA",6.03,"debit","Err:510","GOLD CARD",,
"10/31/2016","Subway","SUBWAY 0053PURCHASE 10/28 BERMUDA CA CARD 9999",25,"debit","Err:510","JOHN (checking)",,
"10/31/2016","ATM Withdrawal","ATM WITHDRAWAL10/31 LEVIS PLAZA BERMUDA CA 4260S 9999",100,"debit","Cash & ATM","JOHN (checking)",,
"10/31/2016","XFER to GOLD CARD","ONLINE XFER REF 9999G999999999 GOLD CARD JOHN PAY FOR TOWER RAM",180,"debit","Credit Card Payment","JOHN (checking)",,
"10/31/2016","Uber","Uber *RIDE MON 9AMUber.COM CA",13.41,"debit","Err:510","GOLD CARD",,
"10/31/2016","Account Maintenance Fee","MONTHLY SERVICE FEE",5,"debit","B_BANK","WAY2GO® SAVINGS",,
"10/29/2016","Bsl Purchaseinfo Net","BSL*PURCHASEINFO.NETVOUCHER MH",125,"debit","Uncategorized","GOLD CARD",,
"10/29/2016","XFER from JOHN (checking)","ONLINE PAYMENT",180,"credit","Err:510","GOLD CARD",,
"10/28/2016","Bsl Purchaseinfo Net","BSL*PURCHASEINFO.NETVOUCHER MH",125,"debit","Uncategorized","GOLD CARD",,
"10/28/2016","Uber","Uber *RIDE FRI 9AMUber.COM CA",33.93,"debit","Err:510","GOLD CARD",,
"10/27/2016","Subway","SUBWAY 0053PURCHASE 10/25 BERMUDA CA CARD 9999",5.75,"debit","Err:510","JOHN (checking)",,
"10/27/2016","Paypal XFER Afj","PAYPAL XFER9999027 4AFJ29WAEB99W JOHN SMITH",1020,"credit","XFER","JOHN (checking)",,
"10/27/2016","XFER to GOLD CARD","ONLINE XFER REF 99998QB26F5TO GOLD CARD JOHN PAY OFF A BIT",200,"debit","Credit Card Payment","JOHN (checking)",,
"10/27/2016","Uber","Uber *CANCEL FEEUber.COM CA",1,"debit","Err:510","GOLD CARD",,
"10/27/2016","XFER from JOHN (checking)","ONLINE PAYMENT",200,"credit","Err:510","GOLD CARD",,
"10/27/2016","Uber","Uber *RIDE THU 9AMUber.COM CA",5.89,"debit","Err:510","GOLD CARD",,
"10/26/2016","Uber","Uber *RIDE WED 9AMUber.COM CA",13.46,"debit","Err:510","GOLD CARD",,
"10/26/2016","Uber","Uber *RIDE WED 5PMUber.COM CA",6.17,"debit","Err:510","GOLD CARD",,
"10/26/2016","Bsl Purchaseinfo Net","BSL*PURCHASEINFO.NETVOUCHER MH",125,"debit","Uncategorized","GOLD CARD",,
"10/25/2016","Uber","Uber *RIDE TUE 9AM Uber.COM CA",14.48,"debit","Err:510","GOLD CARD",,
"10/25/2016","RetailCorp Fresh","PURCHASE AUTHORIZED ON 10/24 RetailCorpFresh www.AMZN/frsh WA S98989898989899 CARD 9999",137.7,"debit","Err:510","JOHN (checking)",,
"10/25/2016","RetailCorp","PURCHASE AUTHORIZED ON 10/24 RetailCorp MKTPLACE PM AMZN.COM/BILL WA S99999999999999 CARD 9999",49.98,"debit","Shopping","JOHN (checking)",,
"10/25/2016","ATM Withdrawal","ATM WITHDRAWAL AUTHORIZED ON 10/25 292 OVALTON ST BERMUDA CA 0009999 ATM ID 2606M CARD 9999",40,"debit","Cash & ATM","JOHN (checking)",,
"10/24/2016","FUNTOWN BANK XFER","FUNTOWN BANK $XFER9999999 XXXXX9999 JOHN L SMITH",500,"debit","XFER","WAY2GO® SAVINGS",,
"10/24/2016","Uber","Uber *RIDE MON 5PM Uber.COM CA",6,"debit","Err:510","GOLD CARD",,
"10/24/2016","RetailCorp","RetailCorp MKTPLACE PMTS AMZN.COM/BILLWA",12,"debit","Shopping","GOLD CARD",,
"10/24/2016","Uber","Uber *RIDE MON 9AM Uber.COM CA",5.85,"debit","Err:510","GOLD CARD",,
"10/24/2016","SnackShack","SnackShackDAGWOODSCOOPS SnackShack.COM NY",35.23,"debit","Food & Dining","GOLD CARD",,
"10/24/2016","Bsl Purchaseinfo N","PURCHASE AUTHORIZED ON 10/22 BSL*PURCHASEINFO.N VOUCHER MLT S0862960699999999 CARD 9999",114,"debit","Uncategorized","JOHN (checking)",,
"10/24/2016","Inst Xfer Eat","PAYPAL INST XFER 9999023 EAT24 JOHN SMITH",29.26,"debit","XFER","JOHN (checking)",,
"10/24/2016","XFER to GOLD CARD","ONLINE XFER REF 9999NBG99 TO GOLD CARD JOHN NEED FLOW ON CC",300,"debit","Credit Card Payment","JOHN (checking)",,
"10/24/2016","Bermuda Electric","POWERCORP WEB ONLINE OCT 16 60346134102116 JOHN L SMITH",48.32,"debit","Utilities","JOHN (checking)",,
"10/24/2016","AT&T","PURCHASE AUTHORIZED ON 10/20 AT&T WRL MY ACC 800-9999999 CA S999999999999999 CARD 9999",243.77,"debit","Home Phone","JOHN (checking)",,
"10/23/2016","XFER from JOHN (checking)","ONLINE PAYMENT",300,"credit","Err:510","GOLD CARD",,
"10/23/2016","Bsl Purchaseinfo Net","BSL*PURCHASEINFO.NET VOUCHER MH",125,"debit","Uncategorized","GOLD CARD",,
"10/22/2016","RetailCorp","RetailCorp MKTPLACE PMTS AMZN.COM/BILLWA",55.76,"debit","Shopping","GOLD CARD",,
"10/21/2016","XFER to WAY2GO? SAVINGS","ONLINE XFER TO SMITH T REF 9999CM9999 WAY2GO SAVINGS MOVIN TO SAVN",500,"debit","XFER","JOHN (checking)",,
"10/21/2016","Online XFER Ref","ONLINE XFER REF 9999KFDSKR9 TO GOLD CARD PAYIN OFF CREDIT TY",258.34,"debit","XFER","JOHN (checking)",,
"10/21/2016","Uber","Uber *RIDE FRI 5PM Uber.COM CA",7.42,"debit","Err:510","GOLD CARD",,
"10/21/2016","Uber","Uber *RIDE FRI 9AM Uber.COM CA",14.18,"debit","Err:510","GOLD CARD",,
"10/21/2016","XFER from JOHN (checking)","ONLINE XFER FROM SMITH T REF 9999CM9T5C7 EVERYDAY CHECKING MOVIN TO SAVN",500,"credit","XFER","WAY2GO® SAVINGS",,
"10/20/2016","Uber","Uber *RIDE THU 5PM Uber.COM CA",7.51,"debit","Err:510","GOLD CARD",,
"10/20/2016","Uber","Uber *RIDE THU 9AM Uber.COM CA",14.75,"debit","Err:510","GOLD CARD",,
"10/20/2016","XFER from JOHN (checking)","ONLINE PAYMENT",258.34,"credit","Err:510","GOLD CARD",,
"10/20/2016","Bsl Purchaseinfo Net","BSL*PURCHASEINFO.NET VOUCHER MH",114,"debit","Uncategorized","GOLD CARD",,
"10/19/2016","Uber","Uber *RIDE WED 8PM Uber.COM CA",6.75,"debit","Err:510","GOLD CARD",,
"10/19/2016","Uber","Uber *RIDE WED 9AM Uber.COM CA",12.02,"debit","Err:510","GOLD CARD",,
"10/19/2016","Inst Xfer JMILLERJOEL","PAYPAL INST XFER 9999999 JMILLERJOEL JOHN SMITH",1000,"debit","Err:510","JOHN (checking)",,
"10/19/2016","Inst Xfer KICKRJAMBAM","PAYPAL INST XFER 9999999 KICKRJAMBAM JOHN SMITH",200,"debit","XFER","JOHN (checking)",,
"10/19/2016","Bsl Onlinebiller N","PURCHASE AUTHORIZED ON 10/18 BSL*ONLINEBILLER.N VOUCHER MLT S006292047840220 CARD 9999",125,"debit","Uncategorized","JOHN (checking)",,
"10/18/2016","Uber","Uber *RIDE TUE 9AM Uber.COM CA",11.42,"debit","Err:510","GOLD CARD",,
"10/18/2016","FTEQ Momentera Payroll","OHHECKYEAH MOMENTERA PAYROLL 101816  JOHN SMITH",3062.89,"credit","Paycheck","JOHN (checking)",,
"10/17/2016","Subway","SUBWAY 00537613 BERMUDACA",3.25,"debit","Err:510","GOLD CARD",,
"10/17/2016","Uber","Uber *RIDE MON 5PM Uber.COM CA",5.62,"debit","Err:510","GOLD CARD",,
"10/17/2016","Uber","Uber *RIDE MON 9AM Uber.COM CA",13.19,"debit","Err:510","GOLD CARD",,
"10/17/2016","Bsl Onlinebiller Net","BSL*ONLINEBILLER.NET VOUCHER MH",65,"debit","Uncategorized","GOLD CARD",,
"10/16/2016","Uber","Uber *RIDE SAT 8PM Uber.COM CA",6.75,"debit","Err:510","GOLD CARD",,
"10/15/2016","SnackShack","SnackShackBIGFoodhouse SnackShack.COM NY",32.65,"debit","Food & Dining","GOLD CARD",,
"10/15/2016","Eat24.com","EAT24.COM 866-3281123 CA",40.02,"debit","Err:510","GOLD CARD",,
"10/15/2016","Bsl Onlinebiller Net","BSL*ONLINEBILLER.NET VOUCHER CY",125,"debit","Uncategorized","GOLD CARD",,
"10/15/2016","Bsl Onlinebiller Net","BSL*ONLINEBILLER.NET VOUCHER MH",125,"debit","Uncategorized","GOLD CARD",,
"10/14/2016","Uber","Uber *RIDE FRI 9AM Uber.COM CA",14.98,"debit","Err:510","GOLD CARD",,
"10/14/2016","Uber","Uber *RIDE FRI 5PM Uber.COM CA",8.74,"debit","Err:510","GOLD CARD",,
"10/14/2016","Uber","Uber *RIDE THU 5PM Uber.COM CA",6.34,"debit","Err:510","GOLD CARD",,
"10/14/2016","Hats Roastery","CALIF. Hats ROASTERY BERMUDACA",9.15,"debit","Hats Shops","GOLD CARD",,
"10/14/2016","Uber","Uber *RIDE WED 5PM Uber.COM CA",6.15,"debit","Err:510","GOLD CARD",,
"10/14/2016","Uber","Uber *RIDE THU 9AM Uber.COM CA",12.12,"debit","Err:510","GOLD CARD",,
"10/13/2016","ATM Fee","NON-WF ATM WITHDRAWAL AUTHORIZED ON 10/12 728 11th ST BERMUDA CA 00466287053543099 ATM ID CD017511 CARD 9999",3,"debit","ATM Fee","JOHN (checking)",,
"10/13/2016","Non Wf ATM 728 33rd Street","NON-WF ATM WITHDRAWAL AUTHORIZED ON 10/12 728 11th ST BERMUDA CA 00466299 ATM ID CD019999 CARD 9999",200,"debit","Cash & ATM","JOHN (checking)",,
"10/13/2016","ATM Fee","NON-BANK CORP ATM TRANSACTION FEE",2.5,"debit","Err:510","JOHN (checking)",,
"10/13/2016","Jays Market P","PURCHASE AUTHORIZED ON 10/12 Jays MARKET BERMUDA CA P003064968 CARD 9999",43.14,"debit","Err:510","JOHN (checking)",,
"10/13/2016","Interest Charge Purchases","INTEREST CHARGE ON PURCHASES",14.52,"debit","Err:510","GOLD CARD",,
10/12/16,"Uber","Uber *RIDE WED 9AM Uber.COM CA",5.92,"debit","Err:510","GOLD CARD",,
10/12/16,"Cash Advance Fee","CASH ADVANCE FEE",20,"debit","Service Fee","GOLD CARD",,
10/12/16,"Online XFER Ref","ONLINE XFER REF 9999V4 FROM GOLD CARD JOHN NEED FLOW",400,"credit","XFER","JOHN (checking)",,
10/11/16,"Uber","Uber *RIDE TUE 5PM Uber.COM CA",9.12,"debit","Err:510","GOLD CARD",,
10/11/16,"BM Soup Co","BM SOUP CO OVALTON ST BERMUDACA",8.01,"debit","Fast Food","GOLD CARD",,
10/11/16,"MYCRED","MYCRED.COM 800-9999999 CA",14.95,"debit","Err:510","GOLD CARD",,
10/11/16,"Uber","Uber *RIDE TUE 9AM Uber.COM CA",14.48,"debit","Err:510","GOLD CARD",,
10/11/16,"ATM Fee","NON-WF ATM WITHDRAWAL AUTHORIZED ON 10/10 728 11th ST BERMUDA CA 0058686421 ATM ID CD1 CARD 9999",3,"debit","ATM Fee","JOHN (checking)",,
10/11/16,"Non Wf ATM 728 33rd Street","NON-WF ATM WITHDRAWAL AUTHORIZED ON 10/10 728 11th ST BERMUDA CA 00586285068886421 ATM ID CD017511 CARD 9999",100,"debit","Cash & ATM","JOHN (checking)",,
10/11/16,"ATM Fee","NON-BANK CORP ATM TRANSACTION FEE",2.5,"debit","Err:510","JOHN (checking)",,
10/11/16,"SnackShack","SnackShackNOBHILLPIZZASH SnackShack.COM NY",34.97,"debit","Food & Dining","GOLD CARD",,
10/10/16,"Uber","Uber *RIDE MON 5PM Uber.COM CA",6.34,"debit","Err:510","GOLD CARD",,
10/10/16,"Uber","Uber *RIDE MON 9AM Uber.COM CA",12.29,"debit","Err:510","GOLD CARD",,
10/09/16,"Uber","Uber *RIDE SUN 7PM Uber.COM CA",10.5,"debit","Err:510","GOLD CARD",,
10/09/16,"Big Foodhouse","Eat24 *BigFoodhouse EAT24HOURS.COCA",40.89,"debit","Restaurants","GOLD CARD",,
10/07/16,"Uber","Uber *RIDE FRI 12AM Uber.COM CA",6.75,"debit","Err:510","GOLD CARD",,
10/06/16,"Uber","Uber *RIDE WED 9PM Uber.COM CA",6.75,"debit","Err:510","GOLD CARD",,
10/06/16,"ATM Fee","NON-WF ATM WITHDRAWAL AUTHORIZED ON 10/06 1301 42ND STREET BERMUDA CA 003062 ATM ID P939999 CARD 9999",3,"debit","ATM Fee","JOHN (checking)",,
10/06/16,"Non Wf ATM 1301 42ND Street","NON-WF ATM WITHDRAWAL AUTHORIZED ON 10/06 1301 42ND STREET BERMUDA CA 0145432 ATM ID P17999 CARD 9999",120,"debit","Cash & ATM","JOHN (checking)",,
10/06/16,"ATM Fee","NON-BANK CORP ATM TRANSACTION FEE",2.5,"debit","Err:510","JOHN (checking)",,
10/06/16,"XFER from WAY2GO? SAVINGS","ONLINE XFER FROM SMITH T REF 9999R7C WAY2GO SAVINGS JOHN FLOW SAVE",300,"credit","XFER","JOHN (checking)",,
10/06/16,"SnackShack","SnackShackBERNALHEIGHTSP SnackShack.COM NY",46.14,"debit","Food & Dining","GOLD CARD",,
10/06/16,"FUNTOWN BANK P","FUNTOWN BANK P2P 9999006 JOHN L SMITH JOHN L SMITH",300,"credit","Income","WAY2GO® SAVINGS",,
10/06/16,"XFER to JOHN (checking)","ONLINE XFER TO SMITH T REF 9999R7 EVERYDAY CHECKING JOHN FLOW SAVE",300,"debit","XFER","WAY2GO® SAVINGS",,
10/05/16,"Eat24.com","EAT24.COM 866-323 CA",40.02,"debit","Err:510","GOLD CARD",,
10/05/16,"SnackShack","PURCHASE AUTHORIZED ON 10/05 SnackShackREDJADECAFE SnackShack.COM NY S58627 CARD 9999",21.91,"debit","Food & Dining","JOHN (checking)",,
10/04/16,"RetailCorp","RetailCorp MKTPLACE PMTS AMZN.COM/BILLWA",20.13,"debit","Shopping","GOLD CARD",,
10/03/16,"Eat24.com","EAT24.COM 866-3281123 CA",41.27,"debit","Err:510","GOLD CARD",,
10/03/16,"La Vivelli Cof","SQ *LA Vivelli COF BERMUDACA",13.51,"debit","Hats Shops","GOLD CARD",,
10/03/16,"ATM Fee","NON-WF ATM WITHDRAWAL AUTHORIZED ON 10/02 1301 42ND STREET BERMUDA CA 0038627 ATM ID P939999 CARD 9999",3,"debit","ATM Fee","JOHN (checking)",,
10/03/16,"Non Wf ATM 1301 42ND Street","NON-WF ATM WITHDRAWAL AUTHORIZED ON 10/02 1301 42ND STREET BERMUDA CA 00387 ATM ID P939999 CARD 9999",120,"debit","Cash & ATM","JOHN (checking)",,
10/03/16,"ATM Fee","NON-BANK CORP ATM TRANSACTION FEE",2.5,"debit","Err:510","JOHN (checking)",,
10/03/16,"SnackShack","PURCHASE AUTHORIZED ON 10/03 SnackShackBIGFoodhouse SnackShack.COM NY 40203 CARD 9999",31.29,"debit","Food & Dining","JOHN (checking)",,
10/03/16,"ATM Fee","NON-BANK CORP ATM TRANSACTION FEE",2.5,"debit","Err:510","JOHN (checking)",,
10/03/16,"FTEQ Momentera Payroll","OHHECKYEAH MOMENTERA PAYROLL 100316  JOHN SMITH",2952,"credit","Paycheck","JOHN (checking)",,
10/03/16,"Jays Market P","PURCHASE AUTHORIZED ON 09/30 Jays MARKET BERMUDA7622 CARD 9999",32.91,"debit","Err:510","JOHN (checking)",,
10/03/16,"Wireless Ca","PURCHASE AUTHORIZED ON 10/01 Wireless INC 415-4842803 CA S77343933 CARD 9999",60,"debit","Err:510","JOHN (checking)",,
10/03/16,"House Co.","FRANKLN LLC DEBITS #302 JOHN L SMITH",3678,"debit","Err:510","JOHN (checking)",,
10/03/16,"Non Wf ATM 2544 3rd Street","NON-WF ATM WITHDRAWAL AUTHORIZED ON 10/01 2544 3RD ST Cardtronic BERMUDA CA 081345671 ATM ID CR015742 CARD 9999",120,"debit","Cash & ATM","JOHN (checking)",,
10/03/16,"Joe Shoe Service","PLO P999999999 100316 2239 JOHN L SMITH",100,"debit","Err:510","JOHN (checking)",,
10/03/16,"Non Wf ATM 1301 42ND Street","NON-WF ATM BALANCE INQUIRY FEE 10/02 1301 42ND ST BERMUDA CA ATM ID P939999 CARD 9999",2,"debit","Cash & ATM","JOHN (checking)",,
10/03/16,"XFER from WAY2GO? SAVINGS","ONLINE XFER FROM SMITH T REF 99999393939 WAY2GO SAVINGS JOHN FLOW POST RENT",40,"credit","XFER","JOHN (checking)",,
10/03/16,"XFER to JOHN (checking)","ONLINE XFER TO SMITH T REF 99992W EVERYDAY CHECKING JOHN FLOW POST RENT",40,"debit","XFER","WAY2GO® SAVINGS",,
"9/30/2016","Chez Harvey","CHEZ Harvey BERMUDACA",43.4,"debit","Restaurants","GOLD CARD",,
"9/30/2016","Uber","Uber *RIDE FRI 4PM Uber.COM CA",8,"debit","Err:510","GOLD CARD",,
"9/30/2016","California Blind Motors","CALIFORNIA BLIND MOTORSPBERMUDACA",25,"debit","Doctor","GOLD CARD",,
"9/30/2016","Uber","Uber *RIDE FRI 10AM Uber.COM CA",6.75,"debit","Err:510","GOLD CARD",,
"9/30/2016","Uber","Uber *RIDE THU 10AM Uber.COM CA",6.75,"debit","Err:510","GOLD CARD",,
"9/30/2016","ATM Fee","NON-WF ATM WITHDRAWAL AUTHORIZED ON 09/30 1301 42ND STREEP939999 BERMUDA CA 0 ATM ID P939999 CARD 9999",3,"debit","ATM Fee","JOHN (checking)",,
"9/30/2016","Non Wf ATM 1301 42ND Street","NON-WF ATM WITHDRAWAL AUTHORIZED ON 09/30 1301 42ND STREEP939999 BERMUDA CA 0058627 ATM ID P939999 CARD 9999",120,"debit","Cash & ATM","JOHN (checking)",,
"9/30/2016","Inst Xfer Oculusvrllc","PAYPAL INST XFER 160930 OCULUSVRLLC JOHN SMITH",9.99,"debit","XFER","JOHN (checking)",,
"9/30/2016","ATM Fee","NON-BANK CORP ATM TRANSACTION FEE",2.5,"debit","Err:510","JOHN (checking)",,
"9/30/2016","BM Soup Co","PURCHASE AUTHORIZED ON 09/28 BM SOUP CO OVALTON BERMUDA CA S306278 CARD 9999",21.01,"debit","Fast Food","JOHN (checking)",,
"9/30/2016","Interest","INTEREST PAYMENT",0.01,"credit","Interest Income","WAY2GO® SAVINGS",,
"9/30/2016","Account Maintenance Fee","MONTHLY SERVICE FEE",5,"debit","B_BANK","WAY2GO® SAVINGS",,
"9/29/2016","Online","ONLINE PAYMENT",200,"credit","Err:510","GOLD CARD",,
"9/29/2016","XFER from WAY2GO? SAVINGS","ONLINE XFER FROM SMITH T REF 9999NB7G8DL WAY2GO SAVINGS JOHN NEED CHECKING FLOW",600,"credit","XFER","JOHN (checking)",,
"9/29/2016","XFER to WAY2GO? SAVINGS","ONLINE XFER TO SMITH T REF 99995SY2PJL WAY2GO SAVINGS JOHN PAYOFF CC NICE",50,"debit","XFER","JOHN (checking)",,
"9/29/2016","Online XFER Ref","ONLINE XFER REF 9999V4BGKXC TO GOLD CARD PAY OFF CC TY",200,"debit","XFER","WAY2GO® SAVINGS",,
"9/29/2016","XFER to JOHN (checking)","ONLINE XFER TO SMITH T REF 9999NB7G8DL EVERYDAY CHECKING JOHN NEED CHECKING FLOW",600,"debit","XFER","WAY2GO® SAVINGS",,
"9/29/2016","XFER from JOHN (checking)","ONLINE XFER FROM SMITH T REF 99995SY2PJL EVERYDAY CHECKING JOHN PAYOFF CC NICE",50,"credit","XFER","WAY2GO® SAVINGS",,
"9/28/2016","Uber","Uber *RIDE WED 5PM Uber.COM CA",12.07,"debit","Err:510","GOLD CARD",,
"9/28/2016","Uber","Uber *RIDE WED 9AM Uber.COM CA",12.75,"debit","Err:510","GOLD CARD",,
"9/28/2016","ATM Fee","NON-WF ATM WITHDRAWAL AUTHORIZED ON 09/28 1301 42ND STREET BERMUDA CA 00586273033220185 ATM ID P939999 CARD 9999",3,"debit","ATM Fee","JOHN (checking)",,
"9/28/2016","Non Wf ATM 1301 42ND Street","NON-WF ATM WITHDRAWAL AUTHORIZED ON 09/28 1301 42ND STREET BERMUDA CA 00586273033220185 ATM ID P939999 CARD 9999",200,"debit","Cash & ATM","JOHN (checking)",,
"9/28/2016","Inst Xfer Eat","PAYPAL INST XFER 160927 EAT24 JOHN SMITH",56.28,"debit","XFER","JOHN (checking)",,
"9/28/2016","Inst Xfer Oculusvrllc","PAYPAL INST XFER 160927 OCULUSVRLLC JOHN SMITH",0.99,"debit","XFER","JOHN (checking)",,
"9/28/2016","New Harrows Market","PURCHASE AUTHORIZED ON 09/27 NEW Harrows MARKET BERMUDA CA S999999999999999 CARD 9999",23.33,"debit","Groceries","JOHN (checking)",,
"9/28/2016","ATM Fee","NON-BANK CORP ATM TRANSACTION FEE",2.5,"debit","Err:510","JOHN (checking)",,
"9/26/2016","Uber","Uber *RIDE MON 5PM Uber.COM CA",7.32,"debit","Err:510","GOLD CARD",,
"9/26/2016","Uber","Uber *RIDE MON 9AM Uber.COM CA",11.75,"debit","Err:510","GOLD CARD",,
"9/26/2016","ATM Fee","NON-WF ATM WITHDRAWAL AUTHORIZED ON 09/25 1301 42ND STREEP939999 BERMUDA CA 0030818 ATM ID P939999 CARD 9999",3,"debit","ATM Fee","JOHN (checking)",,
"9/26/2016","Non Wf ATM 1301 42ND Street","NON-WF ATM WITHDRAWAL AUTHORIZED ON 09/25 1301 42ND STREEP939999 BERMUDA CA 009999 ATM ID P939999 CARD 9999",100,"debit","Cash & ATM","JOHN (checking)",,
"9/26/2016","Non Wf ATM 9999 SIXTH Street","NON-WF ATM WITHDRAWAL AUTHORIZED ON 09/24 9999 SIXTH ST. BERMUDA CA 00466ATM ID P116206 CARD 9999",143,"debit","Err:510","JOHN (checking)",,
"9/26/2016","SnackShack","PURCHASE AUTHORIZED ON 09/25 SnackShackBIGFoodhouse SnackShack.COM NY S4662901497 CARD 9999",23.78,"debit","Food & Dining","JOHN (checking)",,
"9/26/2016","Paypal XFER Afj","PAYPAL XFER 160926 4AFJ29UUYK7NC JOHN SMITH",1000,"credit","XFER","JOHN (checking)",,
"9/26/2016","SnackShack","PURCHASE AUTHORIZED ON 09/26 SnackShackBIGFoodhouse SnackShack.COM NY S466261482 CARD 9999",23.78,"debit","Food & Dining","JOHN (checking)",,
"9/26/2016","ATM Fee","NON-BANK CORP ATM TRANSACTION FEE",2.5,"debit","Err:510","JOHN (checking)",,
"9/26/2016","Subway","PURCHASE AUTHORIZED ON 09/23 SUBWAY 0053 BERMUDA CA S3862271 CARD 9999",25,"debit","Err:510","JOHN (checking)",,
"9/26/2016","ATM Fee","NON-BANK CORP ATM TRANSACTION FEE",2.5,"debit","Err:510","JOHN (checking)",,
"9/26/2016","Gigante Bv","Gigante BV IAT PAYPAL 160926 100010 JOHN SMITH",59.99,"debit","Uncategorized","JOHN (checking)",,
"9/23/2016","Uber","Uber *RIDE FRI 9AM Uber.COM CA",15.13,"debit","Err:510","GOLD CARD",,
"9/23/2016","Uber","Uber *RIDE FRI 5PM Uber.COM CA",4.75,"debit","Err:510","GOLD CARD",,
"9/23/2016","Eat24.com","EAT24.COM 866-3281123 CA",41.27,"debit","Err:510","GOLD CARD",,
"9/23/2016","Non Wf ATM 728 33rd Street","NON-WF ATM WITHDRAWAL AUTHORIZED ON 09/22 728 11th ST Cardtronic BERMUDA CA 0067043 ATM ID CD017511 CARD 9999",123,"debit","Err:510","JOHN (checking)",,
"9/23/2016","ATM Fee","NON-BANK CORP ATM TRANSACTION FEE",2.5,"debit","Err:510","JOHN (checking)",,
"9/22/2016","Uber","Uber *RIDE THU 5PM Uber.COM CA",4.75,"debit","Err:510","GOLD CARD",,
"9/22/2016","Uber","Uber *RIDE THU 9AM Uber.COM CA",6.75,"debit","Err:510","GOLD CARD",,
"9/22/2016","Jays Market P","PURCHASE AUTHORIZED ON 09/21 Jays MARKET BERMUDA CA P00639 CARD 9999",28.92,"debit","Err:510","JOHN (checking)",,
"9/21/2016","Uber","Uber *RIDE WED 6PM Uber.COM CA",11.75,"debit","Err:510","GOLD CARD",,
"9/21/2016","Uber","Uber *RIDE WED 5PM Uber.COM CA",4.75,"debit","Err:510","GOLD CARD",,
"9/21/2016","Uber","Uber *RIDE WED 9AM Uber.COM CA",4.75,"debit","Err:510","GOLD CARD",,
"9/21/2016","ATM Fee","NON-WF ATM WITHDRAWAL AUTHORIZED ON 09/20 1301 42ND STREEP939999 BERMUDA CA 003956 ATM ID P939999 CARD 9999",3,"debit","ATM Fee","JOHN (checking)",,
"9/21/2016","Non Wf ATM 1301 42ND Street","NON-WF ATM WITHDRAWAL AUTHORIZED ON 09/20 1301 42ND STREEP939999 BERMUDA CA 00356 ATM ID P939999 CARD 9999",120,"debit","Cash & ATM","JOHN (checking)",,
"9/21/2016","Paypal XFER Afj","PAYPAL XFER 160920 4AFJQ JOHN SMITH",120,"credit","XFER","JOHN (checking)",,
"9/21/2016","ATM Fee","NON-BANK CORP ATM TRANSACTION FEE",2.5,"debit","Err:510","JOHN (checking)",,
"9/21/2016","Non Wf ATM 1301 42ND Street","NON-WF ATM BALANCE INQUIRY FEE 09/20 1301 42ND ST BERMUDA CA ATM ID P939999 CARD 9999",2,"debit","Cash & ATM","JOHN (checking)",,
"9/20/2016","Uber","Uber *RIDE TUE 5PM Uber.COM CA",4.75,"debit","Err:510","GOLD CARD",,
"9/20/2016","Online","ONLINE PAYMENT",200,"credit","Err:510","GOLD CARD",,
"9/20/2016","Uber","Uber *RIDE TUE 9AM Uber.COM CA",4.75,"debit","Err:510","GOLD CARD",,
"9/20/2016","Inst Xfer JMILLERJOEL","PAYPAL INST XFER 160919 JMILLERJOEL JOHN SMITH",2000,"debit","Err:510","JOHN (checking)",,
"9/20/2016","Online XFER Ref","ONLINE XFER REF 9999KF3R4HF TO GOLD CARD XXXXXXXXXXXX9999 ON 09/20/16",200,"debit","XFER","JOHN (checking)",,
"9/19/2016","Uber","Uber *RIDE MON 5PM Uber.COM CA",6.75,"debit","Err:510","GOLD CARD",,
"9/19/2016","Uber","Uber *RIDE MON 9AM Uber.COM CA",13.15,"debit","Err:510","GOLD CARD",,
"9/19/2016","ATM Fee","NON-WF ATM WITHDRAWAL AUTHORIZED ON 09/18 1301 42ND STREEP939999 BERMUDA CA 00586070 ATM ID P939999 CARD 9999",3,"debit","ATM Fee","JOHN (checking)",,
"9/19/2016","Non Wf ATM 1301 42ND Street","NON-WF ATM WITHDRAWAL AUTHORIZED ON 09/18 1301 42ND STREEP939999 BERMUDA CA 00586070 ATM ID P939999 CARD 9999",120,"debit","Cash & ATM","JOHN (checking)",,
"9/19/2016","SnackShack","PURCHASE AUTHORIZED ON 09/19 SnackShackFRJTZ SnackShack.COM NY S586262159380856 CARD 9999",57.47,"debit","Food & Dining","JOHN (checking)",,
"9/19/2016","FTEQ Momentera Reversal","OHHECKYEAH MOMENTERA REVERSAL 0999996  JOHN SMITH",2952,"debit","Uncategorized","JOHN (checking)",,
"9/19/2016","ATM Fee","NON-BANK CORP ATM TRANSACTION FEE",2.5,"debit","Err:510","JOHN (checking)",,
"9/19/2016","FTEQ Momentera Payroll","OHHECKYEAH MOMENTERA PAYROLL 091916  JOHN SMITH",2952,"credit","Paycheck","JOHN (checking)",,
"9/16/2016","Uber","Uber *RIDE FRI 5PM Uber.COM CA",6.61,"debit","Err:510","GOLD CARD",,
"9/16/2016","ATM Fee","NON-BANK CORP ATM TRANSACTION FEE",2.5,"debit","Err:510","JOHN (checking)",,
"9/16/2016","Non Wf ATM 9999 SIXTH Street","NON-WF ATM WITHDRAWAL AUTHORIZED ON 09/15 9999 SIXTH ST. P116206 BERMUDA CA 00ATM ID P116206 CARD 9999",123,"debit","Err:510","JOHN (checking)",,
"9/16/2016","SnackShack","PURCHASE AUTHORIZED ON 09/16 SnackShackBIGFoodhouse SnackShack.COM NY S4668 CARD 9999",23.78,"debit","Food & Dining","JOHN (checking)",,
"9/16/2016","FTEQ Momentera Payroll","OHHECKYEAH MOMENTERA PAYROLL 0999996  JOHN SMITH",2952,"credit","Paycheck","JOHN (checking)",,
"9/15/2016","Uber","Uber *RIDE THU 5PM Uber.COM CA",5.84,"debit","Err:510","GOLD CARD",,
"9/15/2016","RetailCorp","RetailCorp.COM AMZN.COM/BILL AMZN.COM/BILLWA",76.11,"debit","Shopping","GOLD CARD",,
"9/15/2016","Uber","Uber *RIDE THU 9AM Uber.COM CA",4.75,"debit","Err:510","GOLD CARD",,
"9/15/2016","SnackShack","PAYPAL INST XFER 160915 SnackShackFOOD JOHN SMITH",23.03,"debit","Food & Dining","JOHN (checking)",,
"9/14/2016","BM Soup Co","BM SOUP CO OVALTON ST BERMUDACA",8.01,"debit","Fast Food","GOLD CARD",,
"9/14/2016","Uber","Uber *RIDE WED 5PM Uber.COM CA",5.07,"debit","Err:510","GOLD CARD",,
"9/14/2016","Uber","PURCHASE AUTHORIZED ON 09/13 Uber *RIDE TUE 9 Uber.COM CA S466256 CARD 9999",4.75,"debit","Err:510","JOHN (checking)",,
"9/14/2016","Uber","PURCHASE AUTHORIZED ON 09/12 Uber *RIDE MON 5 Uber.COM CA S5862467 CARD 9999",5.07,"debit","Err:510","JOHN (checking)",,
"9/14/2016","Uber","PAYPAL INST XFER 160914 Uber JOHN SMITH",5.84,"debit","Err:510","JOHN (checking)",,
"9/14/2016","Bermuda Electric","POWERCORP WEB ONLINE SEP 16 58200510091216 JOHN L SMITH",83.88,"debit","Utilities","JOHN (checking)",,
"9/14/2016","ATM Fee","NON-BANK CORP ATM TRANSACTION FEE",2.5,"debit","Err:510","JOHN (checking)",,
"9/14/2016","Non Wf ATM 9999 SIXTH Street","NON-WF ATM WITHDRAWAL AUTHORIZED ON 09/13 9999 SIXTH ST. P116206 BERMUDA CA 003831 ATM ID P116206 CARD 9999",123,"debit","Err:510","JOHN (checking)",,
"9/14/2016","Uber","Uber *RIDE WED 9AM Uber.COM CA",4.75,"debit","Err:510","GOLD CARD",,
"9/14/2016","Hotwok Express","HOTWOK EXPRESS BERMUDACA",3.25,"debit","Restaurants","GOLD CARD",,
"9/13/2016","Shell","SHELL OIL 57444216907 BERMUDACA",9.46,"debit","FOOD","GOLD CARD",,
"9/13/2016","Subway","SUBWAY 00537613 BERMUDACA",25,"debit","Err:510","GOLD CARD",,
"9/13/2016","Eat24.com","EAT24.COM 866-3281123 CA",40.02,"debit","Err:510","GOLD CARD",,
"9/13/2016","BM Soup Co","BM SOUP CO OVALTON ST BERMUDACA",8.01,"debit","Fast Food","GOLD CARD",,
"9/13/2016","Uber","PURCHASE AUTHORIZED ON 09/12 Uber *RIDE MON 9 Uber.COM CA S3862045 CARD 9999",4.75,"debit","Err:510","JOHN (checking)",,
"9/13/2016","MYCRED","MYCRED.COM 800-9999999 CA",14.95,"debit","Err:510","GOLD CARD",,
"9/13/2016","SAVN","FUNTOWN BANK ACCT FUND 160913 XXXXX9469 JOHN SMITH",500,"debit","Music","WAY2GO® SAVINGS",,
09/12/16,"Jays Market P","PURCHASE AUTHORIZED ON 09/10 Jays MARKET BERMUDA CA P0032933 CARD 9999",36.24,"debit","Err:510","JOHN (checking)",,
09/12/16,"XFER from WAY2GO? SAVINGS","ONLINE XFER FROM SMITH T REF 99998PTPN9C WAY2GO SAVINGS OOPS JOHN OOPS",400,"credit","XFER","JOHN (checking)",,
09/12/16,"Uber","PURCHASE AUTHORIZED ON 09/09 Uber *RIDE FRI 9 Uber.COM CA S46625 CARD 9999",4.75,"debit","Err:510","JOHN (checking)",,
09/12/16,"Uber","PURCHASE AUTHORIZED ON 09/09 Uber *RIDE FRI 5 Uber.COM CA S58699022 CARD 9999",4.75,"debit","Err:510","JOHN (checking)",,
09/12/16,"Return Authorized Eat","PURCHASE RETURN AUTHORIZED ON 09/09 EAT24.COM BERMUDA CA S626257404 CARD 9999",2,"credit","Income","JOHN (checking)",,
09/12/16,"Non Wf ATM 728 33rd Street","NON-WF ATM WITHDRAWAL AUTHORIZED ON 09/10 728 11th ST Cardtronic BERMUDA CA 0032 ATM ID CD017511 CARD 9999",123,"debit","Err:510","JOHN (checking)",,
09/12/16,"ATM Fee","NON-BANK CORP ATM TRANSACTION FEE",2.5,"debit","Err:510","JOHN (checking)",,
09/12/16,"OnlineHost","PURCHASE AUTHORIZED ON 09/09 OnlineHost dh-fee. 877-8294070 CA Sr0347 CARD 9999",165,"debit","Err:510","JOHN (checking)",,
09/12/16,"OnlineHost","PURCHASE AUTHORIZED ON 09/09 OnlineHost dh-fee. 877-8294070 CA S306ter296 CARD 9999",13.95,"debit","Err:510","JOHN (checking)",,
09/12/16,"Engine Tx","PURCHASE AUTHORIZED ON 09/11 PAYPAL *Engine.CO 999-999-0999 TX 81544 CARD 9999",1.99,"debit","Uncategorized","JOHN (checking)",,
09/12/16,"Eat Supremepiz","PURCHASE AUTHORIZED ON 09/09 Eat24 *SupremePiz BERMUDA CA S380721 CARD 9999",22.18,"debit","Uncategorized","JOHN (checking)",,
09/12/16,"Non Wf ATM 9999 SIXTH Street","NON-WF ATM WITHDRAWAL AUTHORIZED ON 09/09 9999 SIXTH ST. P116206 BERMUDA CA 003401487 ATM ID P116206 CARD 9999",143,"debit","Err:510","JOHN (checking)",,
09/12/16,"ATM Fee","NON-BANK CORP ATM TRANSACTION FEE",2.5,"debit","Err:510","JOHN (checking)",,
09/12/16,"XFER from WAY2GO? SAVINGS","ONLINE XFER FROM SMITH T REF 9999CLVTX85 WAY2GO SAVINGS OOPS JOHN OOPS",300,"credit","XFER","JOHN (checking)",,
09/12/16,"Engine Tx","PURCHASE AUTHORIZED ON 09/11 PAYPAL *Engine.CO 999-999-0999 TX S38999999 CARD 9999",44.85,"debit","Uncategorized","JOHN (checking)",,
09/12/16,"Interest Charge Cash","INTEREST CHARGE ON CASH ADVANCES",28.01,"debit","Finance Charge","GOLD CARD",,
09/12/16,"Interest Charge Purchases","INTEREST CHARGE ON PURCHASES",6.77,"debit","Err:510","GOLD CARD",,
09/12/16,"XFER to JOHN (checking)","ONLINE XFER TO SMITH T REF 95 EVERYDAY CHECKING OOPS JOHN OOPS",300,"debit","XFER","WAY2GO® SAVINGS",,
09/12/16,"XFER to JOHN (checking)","ONLINE XFER TO SMITH T REF 99999C EVERYDAY CHECKING OOPS JOHN OOPS",400,"debit","XFER","WAY2GO® SAVINGS",,
09/09/16,"Uber","PAYPAL INST XFER 160909 Uber JOHN SMITH",15.7,"debit","Err:510","JOHN (checking)",,
09/09/16,"Subway","PURCHASE AUTHORIZED ON 09/07 SUBWAY 0053 BERMUDA CA S3869376 CARD 9999",3.81,"debit","Err:510","JOHN (checking)",,
09/09/16,"SnackShack","PURCHASE AUTHORIZED ON 09/09 SnackShackBIGFoodhouse SnackShack.COM NY S306252107508614 CARD 9999",38.74,"debit","Food & Dining","JOHN (checking)",,
09/09/16,"Uber","PAYPAL INST XFER 160909 Uber JOHN SMITH",13.98,"debit","Err:510","JOHN (checking)",,
09/09/16,"ANGEL TOWN","ANGEL TOWN 800-956-6310 IL",207,"debit","Financial","GOLD CARD",,
09/08/16,"Online XFER SMITH","ONLINE XFER FROM SMITH T REF 9999XZ999999 EVERYDAY CHECKING GO JOHN GO",28.43,"credit","XFER","WAY2GO® SAVINGS",,
09/08/16,"Uber","PAYPAL INST XFER 160908 Uber JOHN SMITH",4.75,"debit","Err:510","JOHN (checking)",,
09/08/16,"Uber","PAYPAL INST XFER 160908 Uber JOHN SMITH",4.75,"debit","Err:510","JOHN (checking)",,
09/08/16,"Uber","PAYPAL INST XFER 160908 Uber JOHN SMITH",1,"debit","Err:510","JOHN (checking)",,
09/08/16,"Cafe Eats","PURCHASE AUTHORIZED ON 09/06 Eat24 *CafeEats BERMUDA CA S320792 CARD 9999",41.27,"debit","Restaurants","JOHN (checking)",,
09/08/16,"Online XFER T","ONLINE XFER TO SMITH T REF 9999X WAY2GO SAVINGS GO JOHN GO",28.43,"debit","XFER","JOHN (checking)",,
09/07/16,"Uber","PAYPAL INST XFER 160907 Uber JOHN SMITH",13.74,"debit","Err:510","JOHN (checking)",,
09/07/16,"Shell","PURCHASE AUTHORIZED ON 09/06 SHELL Service Station BERMUDA CA P0030158 CARD 9999",30.9,"debit","FOOD","JOHN (checking)",,
09/07/16,"ATM Fee","NON-BANK CORP ATM TRANSACTION FEE",2.5,"debit","Err:510","JOHN (checking)",,
09/07/16,"Uber","PAYPAL INST XFER 160907 Uber JOHN SMITH",12.43,"debit","Err:510","JOHN (checking)",,
09/07/16,"Non Wf ATM 9999 SIXTH Street","NON-WF ATM WITHDRAWAL AUTHORIZED ON 09/06 9999 SIXTH ST. P116206 BERMUDA CA 9797 ATM ID P116206 CARD 9999",123,"debit","Err:510","JOHN (checking)",,
09/06/16,"Rj's Market","PURCHASE AUTHORIZED ON 09/01 R.J.'S MARKET BERMUDA CA 076240 CARD 9999",5.49,"debit","Groceries","JOHN (checking)",,
09/06/16,"Uber","PAYPAL INST XFER 160903 Uber JOHN SMITH",6.5,"debit","Err:510","JOHN (checking)",,
09/06/16,"Joe Shoe Service","PLO P999999999 090616 221 JOHN L SMITH",100,"debit","Err:510","JOHN (checking)",,
09/06/16,"Wireless Ca","PURCHASE AUTHORIZED ON 09/01 Wireless INC 415-4842803 CA S38125 CARD 9999",60,"debit","Err:510","JOHN (checking)",,
09/06/16,"RetailCorp","PURCHASE AUTHORIZED ON 09/03 RetailCorp MKTPLACE PM AMZN.COM/BILL WA S586615 CARD 9999",40.38,"debit","Shopping","JOHN (checking)",,
09/06/16,"House Co.","FRANKLN LLC DEBITS #302 JOHN L SMITH",3678,"debit","Err:510","JOHN (checking)",,
09/02/16,"Uber","PAYPAL INST XFER 160902 Uber JOHN SMITH",4.75,"debit","Err:510","JOHN (checking)",,
09/02/16,"Shiptown Service Ca","PURCHASE AUTHORIZED ON 08/31 Shiptown SERVICE 925-686-8282 CA S3863344 CARD 9999",60,"debit","Public Transportation","JOHN (checking)",,
09/02/16,"Cafe Eats","PURCHASE AUTHORIZED ON 08/31 Eat24 *CafeEats BERMUDA CA S306245058512163 CARD 9999",50.65,"debit","Restaurants","JOHN (checking)",,
09/02/16,"RetailCorp","PURCHASE AUTHORIZED ON 09/01 RetailCorp MKTPLACE PM AMZN.COM/BILL WA 626 CARD 9999",29.35,"debit","Shopping","JOHN (checking)",,
09/02/16,"RetailCorp","PURCHASE AUTHORIZED ON 09/01 RetailCorp MKTPLACE PM AMZN.COM/BILL WA S586910622 CARD 9999",13.8,"debit","Shopping","JOHN (checking)",,
09/02/16,"FTEQ Momentera Payroll","OHHECKYEAH MOMENTERA PAYROLL 090216  JOHN SMITH",2968.01,"credit","Paycheck","JOHN (checking)",,
09/02/16,"RetailCorp","PURCHASE AUTHORIZED ON 09/01 RetailCorp MKTPLACE PM AMZN.COM/BILL WA S CARD 9999",18.51,"debit","Shopping","JOHN (checking)",,
09/02/16,"Subway","PURCHASE AUTHORIZED ON 08/31 SUBWAY 0053 BERMUDA CA S3811109 CARD 9999",25,"debit","Err:510","JOHN (checking)",,
09/01/16,"ATM Fee","NON-BANK CORP ATM TRANSACTION FEE",2.5,"debit","Err:510","JOHN (checking)",,
09/01/16,"Uber","PAYPAL INST XFER 160901 Uber JOHN SMITH",15.5,"debit","Err:510","JOHN (checking)",,
09/01/16,"Non Wf ATM 9999 SIXTH Street","NON-WF ATM WITHDRAWAL AUTHORIZED ON 08/31 9999 SIXTH ST. P116206 BERMUDA CA 8336 ATM ID P116206 CARD 9999",123,"debit","Err:510","JOHN (checking)",,